"Field","ABST","ADVS","AGGR","ANCIENT","ART","BILL","BLOG","BOOK","CASE","CHAP","CHART","CLSWK","COMP","CONF","CPAPER","CTLG","DATA","DBASE","DICT","EBOOK","ECHAP","EDBOOK","EJOUR","ELEC","ENCYC","EQUA","FIGURE","GEN","GOVDOC","GRANT","HEAR","ICOMM","INPR","JFULL","JOUR","LEGAL","MANSCPT","MAP","MGZN","MPCT","MULTI","MUSIC","NEWS","PAMP","PAT","PCOMM","RPRT","SER","SLIDE","SOUND","STAND","STAT","THES","UNBILL","UNPB","VIDEO"
"A2","N/A","Performers","N/A","Editor","N/A","Sponsor","Editor","Series Editor","Reporter","Editor","Name of File","Series Editor","Series Editor","Editor","Editor","Institution","Producer","N/A","Editor","Editor","Editor","Series Editor","N/A","Series Editor","Editor","Name of File","Name of File","Secondary Author","Department","N/A","N/A","Recipient","N/A","N/A","N/A","Issuing Organization","N/A","Series Editor","N/A","Series Director","Series Editor","Editor","N/A","Institution","Issuing Organization","Recipient","Series Editor","Editor","Performers","Performers","N/A","N/A","N/A","Sponsor","Series Editor","Performers"
"A3","N/A","Series Editor","N/A","N/A","N/A","N/A","Illustrator","Editor","Higher Court","Series Editor","N/A","N/A","N/A","Series Editor","N/A","N/A","N/A","N/A","N/A","Series Editor","N/A","N/A","N/A","N/A","N/A","N/A","N/A","Tertiary Author","N/A","N/A","N/A","N/A","N/A","N/A","N/A","N/A","N/A","N/A","N/A","Producer","N/A","Series Editor","N/A","N/A","International Author","N/A","Publisher","Series Editor","Series Editor","Series Editor","N/A","N/A","Advisor","N/A","N/A","Series Editor"
"A4","N/A","N/A","N/A","Translator","N/A","N/A","N/A","Translator","Counsel","Translator","N/A","Translator","N/A","Sponsor","N/A","Translator","Funding Agency","N/A","Translator","N/A","N/A","Translator","N/A","N/A","Translator","N/A","N/A","Subsidiary Author","N/A","Translator","N/A","N/A","N/A","N/A","N/A","N/A","N/A","N/A","N/A","Performers","N/A","Producer","N/A","Translator","N/A","N/A","Department/Division","Volume Editor","N/A","N/A","N/A","N/A","N/A","N/A","N/A","N/A"
"AB","Abstract","Abstract","Abstract","Abstract","Abstract","Abstract","Abstract","Abstract","Abstract","Abstract","Abstract","Abstract","Abstract","Abstract","Abstract","Abstract","Abstract","Abstract","Abstract","Abstract","Abstract","Abstract","Abstract","Abstract","Abstract","Abstract","Abstract","Abstract","Abstract","Abstract","Abstract","Abstract","Abstract","Abstract","Abstract","Abstract","Abstract","Abstract","Abstract","Synopsis","Abstract","Abstract","Abstract","Abstract","Abstract","Abstract","Abstract","Abstract","Abstract","Abstract","Abstract","Abstract","Abstract","Abstract","Abstract","Abstract"
"AD","Author Address","Author Address","Author Address","Author Address","Author Address","Author Address","Author Address","Author Address","Author Address","Author Address","Author Address","Author Address","Author Address","Author Address","Author Address","Author Address","Author Address","Author Address","Author Address","Author Address","Author Address","Editor Address","Author Address","Author Address","Author Address","Author Address","Author Address","Author Address","Author Address","Author Address","Author Address","Author Address","Author Address","Author Address","Author Address","Author Address","Author Address","Author Address","Author Address","Author Address","Author Address","Author Address","Author Address","Author Address","Inventor Address","Author Address","Author Address","Author Address","Author Address","Author Address","Author Address","Author Address","Author Address","Author Address","Author Address","Author Address"
"AN","Accession Number","Accession Number","Accession Number","Accession Number","Accession Number","Accession Number","Accession Number","Accession Number","Accession Number","Accession Number","Accession Number","Accession Number","Accession Number","Accession Number","Accession Number","Accession Number","Accession Number","Accession Number","Accession Number","Accession Number","Accession Number","Accession Number","Accession Number","Accession Number","Accession Number","Accession Number","Accession Number","Accession Number","Accession Number","Accession Number","Accession Number","Accession Number","Accession Number","Accession Number","Accession Number","Accession Number","Accession Number","Accession Number","Accession Number","Accession Number","Accession Number","Accession Number","Accession Number","Accession Number","Accession Number","Accession Number","Accession Number","Accession Number","Accession Number","Accession Number","Accession Number","Accession Number","Accession Number","Accession Number","N/A","Accession Number"
"AU","Author","Author","Author","Author","Artist","N/A","Author","Author","N/A","Author","Created By","Attribution","Programmer","Author","Author","Author","Investigators","Author","Author","Author","Author","Editor","Author","Author","Author","Created By","Created By","Author","Author","Investigators","N/A","Author","Author","Author","Author","Author","Author","Cartographer","Author","Director","Created By","Composer","Reporter","Author","Inventor","Author","Author","Author","Author","Author","Institution","N/A","Author","N/A","Author","Author"
"C1","Legal Note","Cast","N/A","N/A","N/A","N/A","Author Affiliation","N/A","N/A","Section","N/A","N/A","N/A","Place Published","Place Published","N/A","Time Period","N/A","Term","Year Cited","Section","N/A","Year Cited","Year Cited","Term","N/A","N/A","Custom 1","Government Body","Contact Name","N/A","Sender's E-Mail","Legal Note","Legal Note","Legal Note","N/A","N/A","Scale","N/A","Cast","Year Cited","Format of Music","Column","N/A","N/A","Sender's E-Mail","N/A","Section","Cast","Cast","N/A","N/A","N/A","N/A","N/A","Cast"
"C2","PMCID","Credits","N/A","N/A","N/A","N/A","N/A","N/A","N/A","N/A","N/A","N/A","N/A","Year Published","N/A","N/A","Unit of Observation","N/A","N/A","Date Cited","N/A","N/A","Date Cited","Date Cited","N/A","N/A","N/A","Custom 2","Congress Number","Contact Address","Congress Number","Recipients E-Mail","PMCID","PMCID","PMCID","N/A","N/A","Area","N/A","Credits","Date Cited","Form of Composition","Issue","N/A","Issue Date","Recipients E-Mail","N/A","Report Number","Credits","Credits","N/A","N/A","N/A","N/A","N/A","Credits"
"C3","N/A","Size/Length","N/A","N/A","Size/Length","N/A","N/A","Title Prefix","N/A","Title Prefix","N/A","N/A","N/A","Proceedings Title","N/A","N/A","Data Type","N/A","N/A","Title Prefix","Title Prefix","N/A","PMCID","N/A","N/A","N/A","N/A","Custom 3","Congress Session","Contact Phone","N/A","N/A","N/A","N/A","N/A","N/A","N/A","Size","N/A","N/A","N/A","Music Parts","N/A","N/A","Designated States","N/A","N/A","N/A","Size/Length","Size/Length","N/A","N/A","N/A","N/A","N/A","Size/Length"
"C4","N/A","N/A","N/A","N/A","N/A","N/A","N/A","Reviewer","N/A","Reviewer","N/A","N/A","N/A","N/A","N/A","N/A","Dataset(s)","N/A","N/A","Reviewer","Reviewer","N/A","Reviewer","N/A","N/A","N/A","N/A","Custom 4","N/A","Contact Fax","N/A","N/A","N/A","N/A","N/A","N/A","N/A","N/A","N/A","Genre","N/A","Target Audience","N/A","N/A","Attorney/Agent","N/A","N/A","N/A","N/A","N/A","N/A","N/A","N/A","N/A","N/A","N/A"
"C5","N/A","Format","N/A","N/A","N/A","N/A","N/A","N/A","N/A","Packaging Method","N/A","N/A","N/A","Packaging Method","N/A","Packaging Method","N/A","N/A","N/A","Last Update Date","Packaging Method","N/A","Issue Title","N/A","N/A","N/A","N/A","Custom 5","N/A","Funding Number","N/A","N/A","N/A","N/A","N/A","N/A","N/A","Packaging Method","N/A","Format","Format/Length","Accompanying Matter","N/A","Packaging Method","References","N/A","N/A","Packaging Method","Format","Format","N/A","Publisher","N/A","N/A","N/A","Format"
"C6","NIHMSID","N/A","N/A","N/A","N/A","N/A","N/A","N/A","N/A","N/A","N/A","N/A","N/A","N/A","N/A","N/A","N/A","N/A","N/A","NIHMSID","NIHMSID","N/A","NIHMSID","N/A","N/A","N/A","N/A","Custom 6","N/A","CFDA Number","N/A","N/A","NIHMSID","NIHMSID","NIHMSID","N/A","N/A","N/A","N/A","N/A","N/A","N/A","N/A","N/A","Legal Status","N/A","Issue","N/A","N/A","N/A","N/A","Volume","N/A","N/A","N/A","N/A"
"C7","Article Number","N/A","N/A","N/A","N/A","N/A","N/A","N/A","N/A","N/A","N/A","N/A","N/A","N/A","N/A","N/A","N/A","N/A","N/A","PMCID","PMCID","N/A","Article Number","N/A","N/A","N/A","N/A","Custom 7","N/A","N/A","N/A","N/A","Article Number","Article Number","Article Number","N/A","N/A","N/A","N/A","N/A","N/A","N/A","N/A","N/A","N/A","N/A","N/A","N/A","N/A","N/A","N/A","N/A","N/A","N/A","N/A","N/A"
"C8","N/A","N/A","N/A","N/A","N/A","N/A","N/A","N/A","N/A","N/A","N/A","N/A","N/A","N/A","N/A","N/A","N/A","N/A","N/A","N/A","N/A","N/A","N/A","N/A","N/A","N/A","N/A","Custom 8","N/A","N/A","N/A","N/A","N/A","N/A","N/A","N/A","N/A","N/A","N/A","N/A","N/A","N/A","N/A","N/A","N/A","N/A","N/A","N/A","N/A","N/A","N/A","N/A","N/A","N/A","N/A","N/A"
"CA","Caption","Caption","Caption","Caption","Caption","Caption","Caption","Caption","Caption","Caption","Caption","Caption","Caption","Caption","Caption","Caption","Caption","Caption","Caption","Caption","Caption","Caption","Caption","Caption","Caption","Caption","N/A","Caption","Caption","Caption","Caption","Caption","Caption","Caption","Caption","Caption","Caption","Caption","Caption","Caption","Caption","Caption","Caption","Caption","Caption","Caption","Caption","Caption","Caption","Caption","Caption","Caption","Caption","Caption","Caption","Caption"
"CN","Call Number","Call Number","N/A","Call Number","Call Number","Call Number","Call Number","Call Number","Call Number","Call Number","Call Number","Call Number","Call Number","Call Number","N/A","Call Number","Call Number","N/A","Call Number","Call Number","Call Number","Call Number","N/A","Call Number","Call Number","Call Number","Call Number","Call Number","N/A","Call Number","Call Number","Call Number","Call Number","Call Number","Call Number","Call Number","Call Number","Call Number","Call Number","Call Number","N/A","Call Number","Call Number","Call Number","Call Number","Call Number","Call Number","Call Number","Call Number","Call Number","Call Number","Call Number","Call Number","Call Number","N/A","Call Number"
"CT","N/A","N/A","N/A","N/A","N/A","N/A","N/A","N/A","N/A","N/A","N/A","N/A","N/A","N/A","N/A","N/A","N/A","N/A","N/A","N/A","N/A","N/A","N/A","N/A","N/A","N/A","Caption","N/A","N/A","N/A","N/A","N/A","N/A","N/A","N/A","N/A","N/A","N/A","N/A","N/A","N/A","N/A","N/A","N/A","N/A","N/A","N/A","N/A","N/A","N/A","N/A","N/A","N/A","N/A","N/A","N/A"
"CY","N/A","City","City","City","City","N/A","City","City","N/A","City","City","City","City","Conference Location","Conference Location","City","City","Place Published","City","Place Published","Place Published","City","Place Published","City","City","City","City","Place Published","City","Activity Location","City","City","N/A","N/A","N/A","Place Published","City","City","Place Published","Country","N/A","Place Published","City","City","Country","City","City","City","City","City","Place Published","Country","City","N/A","City","City"
"DA","Date","Date","Date Accessed","Date","Date","Date","Last Update Date","Date","Date Decided","N/A","Date","N/A","N/A","Date","Date","Date","Date of Collection","Date Accessed","N/A","Date Accessed","Date Accessed","Date","Date Accessed","Last Update Date","Date","Date","Date","Date","N/A","Deadline","Date","Date","Date","Date","Date","Date of Code Edition","Date","Date","Date","Date Released","Date Accessed","Date","N/A","Date","Date","Date","Date","Date","Date","Date","Date","Date Enacted","Date","Date","Date","Date"
"DB","Name of Database","Name of Database","Name of Database","Name of Database","Name of Database","Name of Database","Name of Database","Name of Database","Name of Database","Name of Database","Name of Database","Name of Database","Name of Database","Name of Database","Name of Database","Name of Database","Name of Database","Name of Database","Name of Database","Name of Database","Name of Database","Name of Database","Name of Database","Name of Database","Name of Database","Name of Database","Name of Database","Name of Database","Name of Database","Name of Database","Name of Database","Name of Database","Name of Database","Name of Database","Name of Database","Name of Database","Name of Database","Name of Database","Name of Database","Name of Database","Name of Database","Name of Database","Name of Database","Name of Database","Name of Database","Name of Database","Name of Database","Name of Database","Name of Database","Name of Database","Name of Database","Name of Database","Name of Database","Name of Database","Name of Database","Name of Database"
"DO","DOI","DOI","DOI","DOI","DOI","DOI","DOI","DOI","DOI","DOI","DOI","DOI","DOI","DOI","DOI","DOI","DOI","DOI","DOI","DOI","DOI","DOI","DOI","DOI","DOI","DOI","DOI","DOI","DOI","DOI","DOI","DOI","DOI","DOI","DOI","DOI","DOI","DOI","DOI","DOI","DOI","DOI","DOI","DOI","DOI","DOI","DOI","DOI","DOI","DOI","DOI","DOI","DOI","DOI","DOI","DOI"
"DP","Database Provider","Database Provider","Database Provider","Database Provider","Database Provider","Database Provider","Database Provider","Database Provider","Database Provider","Database Provider","Database Provider","Database Provider","Database Provider","Database Provider","Database Provider","Database Provider","Database Provider","Database Provider","Database Provider","Database Provider","Database Provider","Database Provider","Database Provider","Database Provider","Database Provider","Database Provider","Database Provider","Database Provider","Database Provider","Database Provider","Database Provider","Database Provider","Database Provider","Database Provider","Database Provider","Database Provider","Database Provider","Database Provider","Database Provider","Database Provider","Database Provider","Database Provider","Database Provider","Database Provider","Database Provider","Database Provider","Database Provider","Database Provider","Database Provider","Database Provider","Database Provider","Database Provider","Database Provider","Database Provider","Database Provider","Database Provider"
"ET","Epub Date","Edition","Date Published","Edition","Edition","Session","Edition","Edition","Action of Higher Court","Edition","Version","Edition","Version","Edition","N/A","Edition","Version","Date Published","Edition","Edition","Edition","Edition","Edition","Edition","Edition","Version","Version","Edition","Edition","Requirement","Session","Description","Epub Date","Epub Date","Epub Date","Edition","Description of Material","Edition","Edition","Edition","N/A","Edition","Edition","Edition","International Patent Classification","Description","Edition","Edition","Edition","Edition","N/A","Session","N/A","Session","N/A","Edition"
"IS","Issue","N/A","N/A","N/A","N/A","N/A","N/A","N/A","N/A","Number of Volumes","N/A","N/A","N/A","N/A","N/A","N/A","N/A","N/A","N/A","N/A","N/A","N/A","N/A","N/A","N/A","N/A","N/A","N/A","N/A","N/A","N/A","N/A","Issue","Issue","Issue","N/A","N/A","N/A","N/A","N/A","N/A","N/A","N/A","N/A","N/A","N/A","N/A","N/A","N/A","N/A","N/A","N/A","N/A","N/A","N/A","N/A"
"J2","Alternate Journal","Alternate Title","Alternate Title","Abbreviated Publication","Alternate Title","N/A","Alternate Title","Abbreviation","N/A","Abbreviation","N/A","Alternate Title","Alternate Title","N/A","N/A","Abbreviation","Abbreviation","N/A","Abbreviation","N/A","N/A","Alternate Title","Alternate Title","Alternate Title","Abbreviation","N/A","N/A","Alternate Title","N/A","Abbreviation","N/A","Abbreviation","Alternate Journal","Alternate Journal","Alternate Journal","Abbreviation","Abbreviation","Alternate Title","Alternate Magazine","Alternate Title","N/A","N/A","N/A","Abbreviation","N/A","Abbreviation","Alternate Title","Abbreviation","Alternate Title","Alternate Title","Abbreviation","Abbreviation","N/A","N/A","Abbreviation","Alternate Title"
"KW","Keywords","Keywords","Keywords","Keywords","Keywords","Keywords","Keywords","Keywords","Keywords","Keywords","Keywords","Keywords","Keywords","Keywords","Keywords","Keywords","Keywords","Keywords","Keywords","Keywords","Keywords","Keywords","Keywords","Keywords","Keywords","Keywords","Keywords","Keywords","Keywords","Keywords","Keywords","Keywords","Keywords","Keywords","Keywords","Keywords","Keywords","Keywords","Keywords","Keywords","Keywords","Keywords","Keywords","Keywords","Keywords","Keywords","Keywords","Keywords","Keywords","Keywords","Keywords","Keywords","Keywords","Keywords","Keywords","Keywords"
"L1","File Attachments","File Attachments","File Attachments","File Attachments","File Attachments","File Attachments","File Attachments","File Attachments","File Attachments","File Attachments","File Attachments","File Attachments","File Attachments","File Attachments","File Attachments","File Attachments","File Attachments","File Attachments","File Attachments","File Attachments","File Attachments","File Attachments","File Attachments","File Attachments","File Attachments","File Attachments","File Attachments","File Attachments","File Attachments","File Attachments","File Attachments","File Attachments","File Attachments","File Attachments","File Attachments","File Attachments","File Attachments","File Attachments","File Attachments","File Attachments","File Attachments","File Attachments","Figure","File Attachments","File Attachments","File Attachments","File Attachments","File Attachments","File Attachments","File Attachments","File Attachments","File Attachments","File Attachments","File Attachments","File Attachments","File Attachments"
"L4","Figure","Figure","Figure","Figure","Figure","Figure","Figure","Figure","Figure","Figure","Figure","Figure","Figure","Figure","Figure","Figure","Figure","Figure","Figure","Figure","Figure","Figure","Figure","Figure","Figure","Figure","Figure","Figure","Figure","Figure","URL","Figure","Figure","Figure","Figure","Figure","Figure","Figure","Figure","Figure","Figure","Figure","File Attachments","Figure","Figure","Figure","Figure","Figure","Figure","Figure","Figure","Figure","Figure","Figure","Figure","Figure"
"LA","Language","Language","Language","Language","Language","Language","Language","Language","Language","Language","Language","Language","Language","Language","Language","Language","Language","Language","Language","Language","Language","Language","Language","Language","Language","Language","Language","Language","Language","Language","Language","Language","Language","Language","Language","Language","Language","Language","Language","Language","Language","Language","Language","Language","Language","Language","Language","Language","Language","Language","Language","Language","Language","Language","Language","Language"
"LB","Label","Label","Label","Label","Label","Label","Label","Label","Label","Label","Label","Label","Label","Label","Label","Label","Label","Label","Label","Label","Label","Label","Label","Label","Label","Label","Label","Label","Label","Label","Label","Label","Label","Label","Label","Label","Label","Label","Label","Label","Label","Label","N/A","Label","Label","Label","Label","Label","Label","Label","Label","Label","Label","Label","Label","Label"
"M1","N/A","Number","Publication Number","Text Number","Size","Bill Number","N/A","Series Volume","N/A","N/A","Number","Series Volume","Computer","Issue","N/A","Series Volume","N/A","N/A","Number","N/A","Chapter","Series Volume","Issue","Access Date","N/A","Number","Number","Number","Issue","Status","Document Number","Folio Number","N/A","N/A","N/A","Start Page","Folio Number","N/A","Issue Number","N/A","Number of Screens","N/A","Start Page","Series Volume","Application Number","Folio Number","Document Number","Series Volume","Number","Number","Start Page","Public Law Number","Document Number","Bill Number","Number","Number"
"M2","Start Page","N/A","N/A","N/A","N/A","N/A","N/A","N/A","N/A","N/A","N/A","N/A","N/A","N/A","N/A","N/A","N/A","N/A","N/A","N/A","N/A","N/A","N/A","N/A","N/A","N/A","N/A","N/A","N/A","N/A","N/A","N/A","Start Page","Start Page","Start Page","N/A","N/A","N/A","N/A","N/A","N/A","N/A","N/A","Number of Pages","N/A","N/A","N/A","N/A","N/A","N/A","N/A","N/A","N/A","N/A","N/A","N/A"
"M3","Type of Article","Type","Type of Work","Type of Work","Type of Work","N/A","Type of Medium","Type of Work","Citation of Reversal","N/A","Type of Image","Type","Type","N/A","Type of Work","Type of Work","N/A","Type of Work","Type of Work","Type of Medium","Type of Work","Type of Work","Type of Work","Type of Medium","N/A","Type of Image","Type of Image","Type of Work","N/A","Funding Type","N/A","Type","Type of Article","Type of Article","Type of Article","Type of Work","Type of Work","Type","Type of Article","Medium","Type of Work","Form of Item","Type of Article","Type of Work","Patent Type","Type","Type","Type of Work","Type","Type","Type of Work","N/A","Thesis Type","N/A","Type of Work","Type"
"N1","Notes","Notes","Notes","Notes","Notes","Notes","Notes","Notes","Notes","Notes","Notes","Notes","Notes","Notes","Notes","Notes","Notes","Notes","Notes","Notes","Notes","Notes","Notes","Notes","Notes","Notes","Notes","Notes","Notes","Notes","Notes","Notes","Notes","Notes","Notes","Notes","Notes","Notes","Notes","Notes","Notes","Notes","Notes","Notes","Notes","Notes","Notes","Notes","Notes","Notes","Notes","Notes","Notes","Notes","Notes","Notes"
"NV","N/A","Extent of Work","N/A","Number of Volumes","N/A","N/A","N/A","Number of Volumes","Reporter Abbreviation","N/A","N/A","Number of Volumes","N/A","Number of Volumes","N/A","Catalog Number","Study Number","N/A","Number of Volumes","Version","Number of Volumes","Number of Volumes","Document Number","N/A","Number of Volumes","N/A","N/A","Number of Volumes","N/A","Amount Received","Number of Volumes","Communication Number","N/A","N/A","N/A","Session Number","Manuscript Number","N/A","Frequency","N/A","N/A","Number of Volumes","Frequency","N/A","US Patent Classification","Communication Number","Series Volume","Number of Volumes","Extent of Work","Extent of Work","Session Number","Statute Number","N/A","N/A","N/A","Extent of Work"
"OP","Original Publication","Contents","Original Publication","Original Publication","N/A","History","Content","Original Publication","History","Original Publication","N/A","Original Publication","Contents","N/A","N/A","Original Publication","Version History","N/A","Original Publication","Original Publication","Original Publication","Original Publication","N/A","Contents","Original Publication","N/A","N/A","Original Publication","N/A","Original Grant Number","History","N/A","Original Publication","Original Publication","Original Publication","History","N/A","N/A","Original Publication","N/A","N/A","Original Publication","N/A","Original Publication","Priority Numbers","N/A","Contents","Original Publication","Contents","Contents","N/A","History","N/A","History","N/A","Contents"
"PB","N/A","Publisher","Publisher","Publisher","Publisher","N/A","Publisher","Publisher","Court","Publisher","Publisher","Publisher","Publisher","Publisher","Publisher","Publisher","Distributor","Publisher","Publisher","Publisher","Publisher","Publisher","Publisher","Publisher","Publisher","Publisher","Publisher","Publisher","Publisher","Sponsoring Agency","Publisher","Publisher","N/A","N/A","N/A","Publisher","Library/Archive","Publisher","Publisher","Distributor","Distributor","Publisher","Publisher","Publisher","Assignee","Publisher","Institution","Publisher","Publisher","Publisher","Publisher","Source","University","N/A","Institution","Publisher"
"PY","Year","Year","Year","Year","Year","Year","Year","Year","Year Decided","Year","Year","Year","Year","Year of Conference","Year","Year","Year","Year","Year","Year","Year","Year","Year","Year","Year","Year","Year","Year","Year","Year","Year","Year","Year","Year","Year","Year","Year","Year","Year","Year Released","Year","Year","Year","Year","Year","Year","Year","Year","Year","Year","Year","Year","Year","Year","Year","Year"
"RI","Reviewed Item","N/A","N/A","Reviewed Item","N/A","N/A","N/A","N/A","N/A","Reviewed Item","N/A","N/A","N/A","N/A","N/A","N/A","Geographic Coverage","N/A","Reviewed Item","Reviewed Item","Reviewed Item","N/A","Reviewed Item","N/A","Reviewed Item","N/A","N/A","Reviewed Item","N/A","Reviewed Item","N/A","N/A","Reviewed Item","Reviewed Item","Reviewed Item","N/A","N/A","N/A","Reviewed Item","N/A","N/A","N/A","Reviewed Item","N/A","N/A","N/A","N/A","Reviewed Item","N/A","N/A","N/A","Article Number","N/A","N/A","N/A","N/A"
"RN","Research Notes","Research Notes","Research Notes","Research Notes","Research Notes","Research Notes","Research Notes","Research Notes","Research Notes","Research Notes","Research Notes","Research Notes","Research Notes","Research Notes","Research Notes","Research Notes","Research Notes","Research Notes","Research Notes","Research Notes","Research Notes","Research Notes","Research Notes","Research Notes","Research Notes","Research Notes","Research Notes","Research Notes","Research Notes","Research Notes","Research Notes","Research Notes","Research Notes","Research Notes","Research Notes","Research Notes","Research Notes","Research Notes","Research Notes","Research Notes","Research Notes","Research Notes","Research Notes","Research Notes","Research Notes","Research Notes","Research Notes","Research Notes","Research Notes","Research Notes","Research Notes","Research Notes","Research Notes","Research Notes","Research Notes","Research Notes"
"RP","Reprint Edition","N/A","N/A","Reprint Edition","N/A","N/A","N/A","Reprint Edition","N/A","Reprint Edition","N/A","Reprint Edition","N/A","N/A","N/A","Reprint Edition","N/A","N/A","Reprint Edition","Reprint Edition","Reprint Edition","Reprint Edition","Reprint Edition","N/A","Reprint Edition","N/A","N/A","Reprint Edition","N/A","Review Date","N/A","N/A","Reprint Edition","Reprint Edition","Reprint Edition","N/A","Reprint Edition","Reprint Edition","Reprint Edition","N/A","N/A","Reprint Edition","Reprint Edition","Reprint Edition","Notes","N/A","Notes","Reprint Edition","N/A","N/A","N/A","N/A","N/A","N/A","N/A","N/A"
"SE","N/A","N/A","Screens","N/A","N/A","Code Section","Message Number","Pages","Filed Date","Chapter","N/A","N/A","N/A","N/A","N/A","Number of Pages","Original Release Date","N/A","Version","N/A","N/A","N/A","E-Pub Date","N/A","N/A","N/A","N/A","Section","Section","Duration of Grant","N/A","N/A","N/A","N/A","N/A","Section Number","Start Page","N/A","Start Page","N/A","N/A","Section","Section","N/A","International Patent Number","N/A","N/A","Chapter","N/A","N/A","Section Number","Section","N/A","Code Section","N/A","N/A"
"SN","ISSN","ISBN","ISSN/ISBN","ISBN","N/A","N/A","ISBN","ISBN","N/A","ISBN","N/A","ISSN/ISBN","ISBN","ISBN","N/A","ISBN","ISSN","Report Number","ISBN","ISBN","ISBN","ISBN","ISSN","ISBN","ISBN","N/A","N/A","ISBN/ISSN","Report Number","N/A","ISBN","N/A","ISSN","ISSN","ISSN","Document Number","N/A","ISBN","ISSN","N/A","N/A","ISSN","ISSN","ISBN","Patent Number","N/A","Report Number","ISBN","ISBN","ISBN","Document Number","N/A","N/A","N/A","N/A","ISBN"
"SP","Pages","N/A","Pages","Pages","Description","Code Pages","Description","Number of Pages","First Page","Pages","Description","Number of Pages","Description","Pages","Pages","Pages","N/A","Pages","Pages","Number of Pages","Pages","Number of Pages","Pages","Description","Pages","Description","Description","Pages","Pages","Pages","Pages","Pages","Pages","Pages","Pages","Pages","Pages","Description","Pages","Running Time","N/A","Pages","Pages","Pages","Pages","Pages","Pages","Pages","N/A","N/A","Pages","Pages","Number of Pages","Code Pages","Pages","N/A"
"ST","Short Title","Short Title","Short Title","Short Title","Short Title","Short Title","Short Title","Short Title","Abbreviated Case Name","Short Title","N/A","Short Title","Short Title","Short Title","N/A","Short Title","Short Title","N/A","Short Title","N/A","Short Title","Short Title","Short Title","Short Title","Short Title","N/A","N/A","Short Title","N/A","Short Title","Short Title","Short Title","Short Title","Short Title","Short Title","N/A","Short Title","Short Title","Short Title","Short Title","N/A","Short Title","Short Title","Short Title","Short Title","Short Title","Short Title","Short Title","Short Title","Short Title","N/A","Short Title","Short Title","Short Title","Short Title","Short Title"
"SV","N/A","N/A","N/A","N/A","N/A","N/A","N/A","N/A","N/A","Series Volume","N/A","N/A","N/A","N/A","N/A","N/A","N/A","N/A","N/A","N/A","N/A","N/A","N/A","N/A","N/A","N/A","N/A","N/A","N/A","N/A","N/A","N/A","N/A","N/A","N/A","N/A","N/A","N/A","N/A","N/A","N/A","N/A","N/A","N/A","N/A","N/A","N/A","N/A","N/A","N/A","N/A","N/A","N/A","N/A","N/A","N/A"
"T2","Journal","N/A","Periodical","Publication Title","N/A","Code","Title of WebLog","Series Title","N/A","Book Title","Image Source Program","Series Title","Series Title","Conference Name","Conference Name","Series Title","N/A","Periodical","Dictionary Title","Secondary Title","Book Title","Secondary Title","Periodical Title","Series Title","Encyclopedia Title","Image Source Program","Image Source Program","Secondary Title","N/A","N/A","Committee","N/A","Journal","Journal","Journal","Title Number","Collection Title","Series Title","Magazine","Series Title","Series Title","Album Title","Newspaper","Published Source","Published Source","N/A","Series Title","Secondary Title","N/A","N/A","Section Title","Code","Academic Department","Code","Series Title","N/A"
"T3","N/A","Series Title","N/A","Volume Title","N/A","Legislative Body","Institution","N/A","Decision","Series Title","N/A","N/A","N/A","Series Title","N/A","N/A","Series Title","N/A","N/A","Series Title","Series Title","N/A","Website Title","N/A","N/A","N/A","N/A","Tertiary Title","Series Title","N/A","Legislative Body","N/A","N/A","N/A","N/A","Supplement No.","N/A","N/A","N/A","N/A","N/A","Series Title","N/A","N/A","International Title","N/A","N/A","Series Title","Series Title","Series Title","Paper Number","International Source","N/A","Legislative Body","Department","Series Title"
"TA","Translated Author","Translated Author","Translated Author","Translated Author","Translated Author","Translated Author","Translated Author","Translated Author","Translated Author","Translated Author","Translated Author","Translated Author","Translated Author","Translated Author","Translated Author","Translated Author","Translated Author","Translated Author","Translated Author","Translated Author","Translated Author","Translated Author","Translated Author","Translated Author","Translated Author","Translated Author","Translated Author","Translated Author","Translated Author","Translated Author","Translated Author","Translated Author","Translated Author","Translated Author","Translated Author","Translated Author","Translated Author","Translated Author","Translated Author","Translated Author","Translated Author","Translated Author","Translated Author","Translated Author","Translated Author","Translated Author","Translated Author","Translated Author","Translated Author","Translated Author","Translated Author","Translated Author","Translated Author","Translated Author","Translated Author","Translated Author"
"TI","Title","Title","Title","Title","Title","Title","Title of Entry","Title","Case Name","Title","Title","Title","Title","Title","Title","Title","Title","Title","Title","Title","Title","Title","Title","Title","Title","Title","Title","Title","Title","Title of Grant","Title","Title","Title","Title","Title","Title","Title","Title","Title","Title","Title","Title","Title","Title","Title","Title","Title","Title","Title","Title","Title","Name of Act","Title","Title","Title of Work","Title"
"TT","Translated Title","Translated Title","Translated Title","Translated Title","Translated Title","Translated Title","Translated Title","Translated Title","Translated Title","Translated Title","Translated Title","Translated Title","Translated Title","Translated Title","Translated Title","Translated Title","Translated Title","Translated Title","Translated Title","Translated Title","Translated Title","Translated Title","Translated Title","Translated Title","Translated Title","Translated Title","Translated Title","Translated Title","Translated Title","Translated Title","Translated Title","Translated Title","Translated Title","Translated Title","Translated Title","Translated Title","Translated Title","Translated Title","Translated Title","Translated Title","Translated Title","Translated Title","Translated Title","Translated Title","Translated Title","Translated Title","Translated Title","Translated Title","Translated Title","Translated Title","Translated Title","Translated Title","Translated Title","Translated Title","Translated Title","Translated Title"
"UR","URL","URL","URL","URL","URL","URL","URL","URL","URL","URL","URL","URL","URL","URL","URL","URL","URL","URL","URL","URL","URL","URL","URL","URL","URL","URL","URL","URL","URL","URL","URL","URL","URL","URL","URL","URL","URL","URL","URL","URL","URL","URL","URL","URL","URL","URL","URL","URL","URL","URL","URL","URL","URL","URL","URL","URL"
"VL","Volume","Volume","Volume","Volume","N/A","Code Volume","Access Year","Volume","Reporter Volume","Volume","Image Size","Volume","Edition","Volume","Volume","Volume","N/A","Volume","Volume","Volume","Volume","Volume","Volume","Access Year","Volume","Image Size","Image Size","Volume","Volume","Amount Requested","N/A","N/A","Volume","Volume","Volume","Rule Number","Volume/Storage Container","N/A","Volume","N/A","N/A","Volume","Volume","Number","Patent Version Number","N/A","Volume","Volume","Volume","Volume","Rule Number","Code Number","Degree","Code Volume","N/A","Volume"
"Y2","Access Date","Access Date","N/A","Access Date","Access Date","Access Date","Access Date","Access Date","Access Date","Access Date","Access Date","Access Date","Access Date","Access Date","Access Date","Access Date","Access Date","N/A","Access Date","N/A","Access Date","Access Date","N/A","N/A","Access Date","Access Date","Access Date","Access Date","Access Date","Access Date","Access Date","Access Date","Access Date","Access Date","Access Date","Access Date","Access Date","Access Date","Access Date","Access Date","N/A","Access Date","Access Date","Access Date","Access Date","Access Date","Access Date","Access Date","Access Date","Access Date","Access Date","Date Enacted","Access Date","Access Date","Access Date","Access Date"
